name,street,city
Sarah,forreststr. 4,Hannover
Steve,Weg 5,Berlin
Lena,Europaplatz 4,Frankfurt
Steve,Weg 5,Karlsruhe
Paula,forreststr. 4,Frankfurt
Julia,Albert-Nestler-Str. 19,Frankfurt
Steve,forreststr. 4,Erfurt
Paul,Albert-Nestler-Str. 19,Frankfurt
Steve,forreststr. 4,Berlin
Sabrina,forreststr. 4,Bremen
Sabrina,Europaplatz 4,Frankfurt
Paul,Europaplatz 4,Frankfurt
Sarah,Weg 5,Bremen
Steve,Weg 5,Berlin
Steve,Albert-Nestler-Str. 19,Berlin
Steve,Albert-Nestler-Str. 19,Cologne
Maria,forreststr. 4,Karlsruhe
Paul,Europaplatz 4,Berlin
Maria,Albert-Nestler-Str. 19,Berlin
Julia,Albert-Nestler-Str. 19,Cologne
Julia,forreststr. 4,Frankfurt
Paul,forreststr. 4,Berlin
Steve,Europaplatz 4,Munich
Julia,forreststr. 4,Stuttgart
Hans,Europaplatz 4,Cologne
Paul,Albert-Nestler-Str. 19,Frankfurt
Steve,Europaplatz 4,Bremen
Martin,Weg 5,Cologne
Steve,forreststr. 4,Bremen
Sabrina,Weg 5,Frankfurt
Hans,Weg 5,Hannover
Paula,Europaplatz 4,Karlsruhe
Hans,Europaplatz 4,Hannover
Hans,Weg 5,Karlsruhe
Steve,Europaplatz 4,Cologne
Julia,Weg 5,Stuttgart
Hans,Europaplatz 4,Munich
Martin,Weg 5,Munich
Paul,Europaplatz 4,Erfurt
Martin,Albert-Nestler-Str. 19,Munich
Paula,Europaplatz 4,Stuttgart
Lena,forreststr. 4,Stuttgart
Hans,Europaplatz 4,Frankfurt
Paul,forreststr. 4,Frankfurt
Maria,Europaplatz 4,Cologne
Lena,forreststr. 4,Erfurt
Hans,Weg 5,Berlin
Steve,Albert-Nestler-Str. 19,Stuttgart
Steve,Weg 5,Munich
Lena,Albert-Nestler-Str. 19,Stuttgart
